timeStamp,elapsed,label,responseCode,responseMessage,threadName,dataType,success,failureMessage,bytes,sentBytes,grpThreads,allThreads,URL,Latency,IdleTime,Connect
1603289929817,449,Get_Users,200,,Stress - jp@gc - Ultimate Thread Group 2-500,text,true,,1258,205,1,34,http://localhost:8085/users/read,449,0,326
1603289930341,1195,Get_Tasks,200,,Stress - jp@gc - Ultimate Thread Group 2-500,text,true,,798,205,2,51,http://localhost:8085/tasks/read,1195,0,0
1603289931536,0,Update_Users,Non HTTP response code: java.net.URISyntaxException,Non HTTP response message: Illegal character in path at index 36: http://localhost:8085/users/update/${user_id},Stress - jp@gc - Ultimate Thread Group 2-500,text,false,"Value expected to match regexp 'Joni', but it did not match: '[]'",1196,0,2,51,http://localhost:8085/users/update/${user_id},0,0,0
1603289931537,0,Update_Tasks,Non HTTP response code: java.net.URISyntaxException,Non HTTP response message: Illegal character in path at index 36: http://localhost:8085/tasks/update/${task_id},Stress - jp@gc - Ultimate Thread Group 2-500,text,false,"Value expected to match regexp 'Hello People! we are coming for u', but it did not match: '[]'",1196,0,2,51,http://localhost:8085/tasks/update/${task_id},0,0,0
1603289931538,0,Debug Sampler,200,OK,Stress - jp@gc - Ultimate Thread Group 2-500,text,true,,339,0,2,51,null,0,0,0
1603289931538,0,Debug Sampler,200,OK,Stress - jp@gc - Ultimate Thread Group 2-500,text,true,,338,0,2,51,null,0,0,0
1603289930565,976,Get_Users,200,,Stress - jp@gc - Ultimate Thread Group 2-499,text,true,,2518,205,2,51,http://localhost:8085/users/read,976,0,13
1603289931538,1178,Post_Users,201,,Stress - jp@gc - Ultimate Thread Group 2-500,text,true,,389,354,3,69,http://localhost:8085/users/create,1178,0,0
1603289931610,1112,Get_Users,200,,Stress - jp@gc - Ultimate Thread Group 2-498,text,true,,5031,205,3,69,http://localhost:8085/users/read,1112,0,172
1603289931804,913,Get_Tasks,200,,Stress - jp@gc - Ultimate Thread Group 2-499,text,true,,2001,205,3,69,http://localhost:8085/tasks/read,913,0,0
1603289932787,0,Update_Users,Non HTTP response code: java.net.URISyntaxException,Non HTTP response message: Illegal character in path at index 36: http://localhost:8085/users/update/${user_id},Stress - jp@gc - Ultimate Thread Group 2-499,text,false,"Value expected to match regexp 'Joni', but it did not match: '[]'",1196,0,4,81,http://localhost:8085/users/update/${user_id},0,0,0
1603289932788,0,Update_Tasks,Non HTTP response code: java.net.URISyntaxException,Non HTTP response message: Illegal character in path at index 36: http://localhost:8085/tasks/update/${task_id},Stress - jp@gc - Ultimate Thread Group 2-499,text,false,"Value expected to match regexp 'Hello People! we are coming for u', but it did not match: '[]'",1196,0,4,81,http://localhost:8085/tasks/update/${task_id},0,0,0
1603289932789,0,Debug Sampler,200,OK,Stress - jp@gc - Ultimate Thread Group 2-499,text,true,,339,0,4,81,null,0,0,0
1603289932789,0,Debug Sampler,200,OK,Stress - jp@gc - Ultimate Thread Group 2-499,text,true,,338,0,4,81,null,0,0,0
1603289932790,3005,Post_Users,201,,Stress - jp@gc - Ultimate Thread Group 2-499,text,true,,389,354,7,228,http://localhost:8085/users/create,3005,0,0
1603289932715,6290,Post_Tasks,201,,Stress - jp@gc - Ultimate Thread Group 2-500,text,true,,395,380,10,350,http://localhost:8085/tasks/create,6289,0,0
1603289939007,14,Delete_Users,204,,Stress - jp@gc - Ultimate Thread Group 2-500,,true,,191,232,10,350,http://localhost:8085/users/delete/43,0,0,0
1603289939021,25,Delete_Tasks,204,,Stress - jp@gc - Ultimate Thread Group 2-500,,true,,191,232,10,350,http://localhost:8085/tasks/delete/56,0,0,0
1603289932722,6604,Get_Tasks,200,,Stress - jp@gc - Ultimate Thread Group 2-498,text,true,,7397,205,10,361,http://localhost:8085/tasks/read,6595,0,0
1603289939328,0,Update_Users,Non HTTP response code: java.net.URISyntaxException,Non HTTP response message: Illegal character in path at index 36: http://localhost:8085/users/update/${user_id},Stress - jp@gc - Ultimate Thread Group 2-498,text,false,"Value expected to match regexp 'Joni', but it did not match: '[]'",1196,0,10,361,http://localhost:8085/users/update/${user_id},0,0,0
1603289939328,0,Update_Tasks,Non HTTP response code: java.net.URISyntaxException,Non HTTP response message: Illegal character in path at index 36: http://localhost:8085/tasks/update/${task_id},Stress - jp@gc - Ultimate Thread Group 2-498,text,false,"Value expected to match regexp 'Hello People! we are coming for u', but it did not match: '[]'",1196,0,10,361,http://localhost:8085/tasks/update/${task_id},0,0,0
1603289939329,0,Debug Sampler,200,OK,Stress - jp@gc - Ultimate Thread Group 2-498,text,true,,339,0,10,361,null,0,0,0
1603289939329,0,Debug Sampler,200,OK,Stress - jp@gc - Ultimate Thread Group 2-498,text,true,,338,0,10,361,null,0,0,0
1603289935564,8902,Get_Users,200,,Stress - jp@gc - Ultimate Thread Group 2-494,text,true,,11636,205,15,555,http://localhost:8085/users/read,8902,0,3680
1603289936563,8173,Get_Users,200,,Stress - jp@gc - Ultimate Thread Group 2-493,text,true,,11638,205,16,565,http://localhost:8085/users/read,8172,0,2524
1603289938564,6455,Get_Users,200,,Stress - jp@gc - Ultimate Thread Group 2-491,text,true,,11636,205,16,576,http://localhost:8085/users/read,6455,0,975
1603289939046,6243,Get_Users,200,,Stress - jp@gc - Ultimate Thread Group 2-500,text,true,,11636,205,16,585,http://localhost:8085/users/read,6242,0,641
1603289939567,6434,Get_Users,200,,Stress - jp@gc - Ultimate Thread Group 2-490,text,true,,11761,205,17,613,http://localhost:8085/users/read,6433,0,1993
1603289946001,7,Get_Tasks,200,,Stress - jp@gc - Ultimate Thread Group 2-490,text,true,,9281,205,17,613,http://localhost:8085/tasks/read,6,0,0
1603289946008,0,Update_Users,Non HTTP response code: java.net.URISyntaxException,Non HTTP response message: Illegal character in path at index 36: http://localhost:8085/users/update/${user_id},Stress - jp@gc - Ultimate Thread Group 2-490,text,false,"Value expected to match regexp 'Joni', but it did not match: '[]'",1196,0,17,613,http://localhost:8085/users/update/${user_id},0,0,0
1603289946008,0,Update_Tasks,Non HTTP response code: java.net.URISyntaxException,Non HTTP response message: Illegal character in path at index 36: http://localhost:8085/tasks/update/${task_id},Stress - jp@gc - Ultimate Thread Group 2-490,text,false,"Value expected to match regexp 'Hello People! we are coming for u', but it did not match: '[]'",1196,0,17,613,http://localhost:8085/tasks/update/${task_id},0,0,0
1603289946009,0,Debug Sampler,200,OK,Stress - jp@gc - Ultimate Thread Group 2-490,text,true,,339,0,17,613,null,0,0,0
1603289946009,0,Debug Sampler,200,OK,Stress - jp@gc - Ultimate Thread Group 2-490,text,true,,338,0,17,613,null,0,0,0
1603289940573,5817,Get_Users,200,,Stress - jp@gc - Ultimate Thread Group 2-489,text,true,,12142,205,17,627,http://localhost:8085/users/read,5817,0,1040
1603289941564,6792,Get_Users,200,,Stress - jp@gc - Ultimate Thread Group 2-488,text,true,,12778,205,19,702,http://localhost:8085/users/read,6792,0,707
1603289944468,4119,Get_Tasks,200,,Stress - jp@gc - Ultimate Thread Group 2-494,text,true,,10891,205,20,710,http://localhost:8085/tasks/read,4119,0,0
1603289948587,0,Update_Users,Non HTTP response code: java.net.URISyntaxException,Non HTTP response message: Illegal character in path at index 36: http://localhost:8085/users/update/${user_id},Stress - jp@gc - Ultimate Thread Group 2-494,text,false,"Value expected to match regexp 'Joni', but it did not match: '[]'",1196,0,20,710,http://localhost:8085/users/update/${user_id},0,0,0
1603289948588,0,Update_Tasks,Non HTTP response code: java.net.URISyntaxException,Non HTTP response message: Illegal character in path at index 36: http://localhost:8085/tasks/update/${task_id},Stress - jp@gc - Ultimate Thread Group 2-494,text,false,"Value expected to match regexp 'Hello People! we are coming for u', but it did not match: '[]'",1196,0,20,710,http://localhost:8085/tasks/update/${task_id},0,0,0
1603289948588,0,Debug Sampler,200,OK,Stress - jp@gc - Ultimate Thread Group 2-494,text,true,,338,0,20,710,null,0,0,0
1603289948588,0,Debug Sampler,200,OK,Stress - jp@gc - Ultimate Thread Group 2-494,text,true,,338,0,20,710,null,0,0,0
1603289944737,4107,Get_Tasks,200,,Stress - jp@gc - Ultimate Thread Group 2-493,text,true,,11294,205,20,720,http://localhost:8085/tasks/read,4107,0,0
1603289948844,0,Update_Users,Non HTTP response code: java.net.URISyntaxException,Non HTTP response message: Illegal character in path at index 36: http://localhost:8085/users/update/${user_id},Stress - jp@gc - Ultimate Thread Group 2-493,text,false,"Value expected to match regexp 'Joni', but it did not match: '[]'",1196,0,20,720,http://localhost:8085/users/update/${user_id},0,0,0
1603289948845,0,Update_Tasks,Non HTTP response code: java.net.URISyntaxException,Non HTTP response message: Illegal character in path at index 36: http://localhost:8085/tasks/update/${task_id},Stress - jp@gc - Ultimate Thread Group 2-493,text,false,"Value expected to match regexp 'Hello People! we are coming for u', but it did not match: '[]'",1196,0,20,720,http://localhost:8085/tasks/update/${task_id},0,0,0
1603289948845,0,Debug Sampler,200,OK,Stress - jp@gc - Ultimate Thread Group 2-493,text,true,,339,0,20,720,null,0,0,0
1603289948845,0,Debug Sampler,200,OK,Stress - jp@gc - Ultimate Thread Group 2-493,text,true,,338,0,20,720,null,0,0,0
1603289945020,4373,Get_Tasks,200,,Stress - jp@gc - Ultimate Thread Group 2-491,text,true,,12366,205,20,740,http://localhost:8085/tasks/read,4373,0,0
1603289949393,0,Update_Users,Non HTTP response code: java.net.URISyntaxException,Non HTTP response message: Illegal character in path at index 36: http://localhost:8085/users/update/${user_id},Stress - jp@gc - Ultimate Thread Group 2-491,text,false,"Value expected to match regexp 'Joni', but it did not match: '[]'",1196,0,20,740,http://localhost:8085/users/update/${user_id},0,0,0
1603289949394,0,Update_Tasks,Non HTTP response code: java.net.URISyntaxException,Non HTTP response message: Illegal character in path at index 36: http://localhost:8085/tasks/update/${task_id},Stress - jp@gc - Ultimate Thread Group 2-491,text,false,"Value expected to match regexp 'Hello People! we are coming for u', but it did not match: '[]'",1196,0,20,740,http://localhost:8085/tasks/update/${task_id},0,0,0
1603289949394,0,Debug Sampler,200,OK,Stress - jp@gc - Ultimate Thread Group 2-491,text,true,,339,0,20,740,null,0,0,0
1603289949395,0,Debug Sampler,200,OK,Stress - jp@gc - Ultimate Thread Group 2-491,text,true,,338,0,20,740,null,0,0,0
1603289945289,4179,Get_Tasks,200,,Stress - jp@gc - Ultimate Thread Group 2-500,text,true,,12366,205,20,743,http://localhost:8085/tasks/read,4178,0,0
1603289949468,20,Update_Users,404,,Stress - jp@gc - Ultimate Thread Group 2-500,text,false,"Value expected to match regexp 'Joni', but it did not match: '[]'",379,353,20,743,http://localhost:8085/users/update/43,20,0,0
1603289946009,3856,Post_Users,201,,Stress - jp@gc - Ultimate Thread Group 2-490,text,true,,390,354,21,759,http://localhost:8085/users/create,3856,0,0
1603289946391,3766,Get_Tasks,200,,Stress - jp@gc - Ultimate Thread Group 2-489,text,true,,13181,205,21,770,http://localhost:8085/tasks/read,3766,0,0
1603289950157,0,Update_Users,Non HTTP response code: java.net.URISyntaxException,Non HTTP response message: Illegal character in path at index 36: http://localhost:8085/users/update/${user_id},Stress - jp@gc - Ultimate Thread Group 2-489,text,false,"Value expected to match regexp 'Joni', but it did not match: '[]'",1196,0,21,770,http://localhost:8085/users/update/${user_id},0,0,0
1603289950158,0,Update_Tasks,Non HTTP response code: java.net.URISyntaxException,Non HTTP response message: Illegal character in path at index 36: http://localhost:8085/tasks/update/${task_id},Stress - jp@gc - Ultimate Thread Group 2-489,text,false,"Value expected to match regexp 'Hello People! we are coming for u', but it did not match: '[]'",1196,0,21,770,http://localhost:8085/tasks/update/${task_id},0,0,0
1603289950158,0,Debug Sampler,200,OK,Stress - jp@gc - Ultimate Thread Group 2-489,text,true,,339,0,21,770,null,0,0,0
1603289950159,0,Debug Sampler,200,OK,Stress - jp@gc - Ultimate Thread Group 2-489,text,true,,337,0,21,770,null,0,0,0
1603289942813,8138,Get_Users,200,,Stress - jp@gc - Ultimate Thread Group 2-487,text,true,,19755,205,22,800,http://localhost:8085/users/read,8137,0,4013
1603289950951,9,Get_Tasks,200,,Stress - jp@gc - Ultimate Thread Group 2-487,text,true,,14262,205,22,800,http://localhost:8085/tasks/read,7,0,0
1603289950960,0,Update_Users,Non HTTP response code: java.net.URISyntaxException,Non HTTP response message: Illegal character in path at index 36: http://localhost:8085/users/update/${user_id},Stress - jp@gc - Ultimate Thread Group 2-487,text,false,"Value expected to match regexp 'Joni', but it did not match: '[]'",1196,0,22,800,http://localhost:8085/users/update/${user_id},0,0,0
1603289950960,0,Update_Tasks,Non HTTP response code: java.net.URISyntaxException,Non HTTP response message: Illegal character in path at index 36: http://localhost:8085/tasks/update/${task_id},Stress - jp@gc - Ultimate Thread Group 2-487,text,false,"Value expected to match regexp 'Hello People! we are coming for u', but it did not match: '[]'",1196,0,22,800,http://localhost:8085/tasks/update/${task_id},0,0,0
1603289950961,0,Debug Sampler,200,OK,Stress - jp@gc - Ultimate Thread Group 2-487,text,true,,339,0,22,800,null,0,0,0
1603289950961,0,Debug Sampler,200,OK,Stress - jp@gc - Ultimate Thread Group 2-487,text,true,,338,0,22,800,null,0,0,0
1603289950961,26,Post_Users,201,,Stress - jp@gc - Ultimate Thread Group 2-487,text,true,,390,354,22,800,http://localhost:8085/users/create,26,0,0
1603289939329,12230,Post_Users,201,,Stress - jp@gc - Ultimate Thread Group 2-498,text,true,,390,354,22,822,http://localhost:8085/users/create,12230,0,0
1603289948357,3548,Get_Tasks,200,,Stress - jp@gc - Ultimate Thread Group 2-488,text,true,,15890,205,23,836,http://localhost:8085/tasks/read,3548,0,0
1603289951905,0,Update_Users,Non HTTP response code: java.net.URISyntaxException,Non HTTP response message: Illegal character in path at index 36: http://localhost:8085/users/update/${user_id},Stress - jp@gc - Ultimate Thread Group 2-488,text,false,"Value expected to match regexp 'Joni', but it did not match: '[]'",1196,0,23,836,http://localhost:8085/users/update/${user_id},0,0,0
1603289951906,0,Update_Tasks,Non HTTP response code: java.net.URISyntaxException,Non HTTP response message: Illegal character in path at index 36: http://localhost:8085/tasks/update/${task_id},Stress - jp@gc - Ultimate Thread Group 2-488,text,false,"Value expected to match regexp 'Hello People! we are coming for u', but it did not match: '[]'",1196,0,23,836,http://localhost:8085/tasks/update/${task_id},0,0,0
1603289951906,0,Debug Sampler,200,OK,Stress - jp@gc - Ultimate Thread Group 2-488,text,true,,338,0,23,836,null,0,0,0
1603289951906,0,Debug Sampler,200,OK,Stress - jp@gc - Ultimate Thread Group 2-488,text,true,,337,0,23,836,null,0,0,0
1603289943563,9824,Get_Users,200,,Stress - jp@gc - Ultimate Thread Group 2-486,text,true,,21396,205,24,890,http://localhost:8085/users/read,9824,0,5425
1603289944565,10248,Get_Users,200,,Stress - jp@gc - Ultimate Thread Group 2-485,text,true,,21396,205,26,945,http://localhost:8085/users/read,10247,0,4456
1603289945563,14593,Get_Users,200,,Stress - jp@gc - Ultimate Thread Group 2-484,text,true,,21396,205,26,970,http://localhost:8085/users/read,14593,0,3609
1603289937564,22602,Get_Users,200,,Stress - jp@gc - Ultimate Thread Group 2-492,text,true,,21519,205,27,974,http://localhost:8085/users/read,22602,0,720
1603289949489,10679,Update_Tasks,404,,Stress - jp@gc - Ultimate Thread Group 2-500,text,false,"Value expected to match regexp 'Hello People! we are coming for u', but it did not match: '[]'",379,385,27,974,http://localhost:8085/tasks/update/56,10679,0,0
1603289960169,0,Debug Sampler,200,OK,Stress - jp@gc - Ultimate Thread Group 2-500,text,true,,397,0,27,974,null,0,0,0
1603289960169,0,Debug Sampler,200,OK,Stress - jp@gc - Ultimate Thread Group 2-500,text,true,,396,0,27,974,null,0,0,0
1603289954814,5447,Get_Tasks,200,,Stress - jp@gc - Ultimate Thread Group 2-485,text,true,,22139,205,27,974,http://localhost:8085/tasks/read,5447,0,0
1603289932787,27397,Get_Users,200,,Stress - jp@gc - Ultimate Thread Group 2-497,text,true,,20890,205,27,974,http://localhost:8085/users/read,27396,0,319
1603289960911,0,Update_Users,Non HTTP response code: java.net.URISyntaxException,Non HTTP response message: Illegal character in path at index 36: http://localhost:8085/users/update/${user_id},Stress - jp@gc - Ultimate Thread Group 2-485,text,false,"Value expected to match regexp 'Joni', but it did not match: '[]'",1196,0,32,1174,http://localhost:8085/users/update/${user_id},0,0,0
1603289935795,24389,Post_Tasks,201,,Stress - jp@gc - Ultimate Thread Group 2-499,text,true,,396,380,27,974,http://localhost:8085/tasks/create,24389,0,0
1603289960911,0,Update_Tasks,Non HTTP response code: java.net.URISyntaxException,Non HTTP response message: Illegal character in path at index 36: http://localhost:8085/tasks/update/${task_id},Stress - jp@gc - Ultimate Thread Group 2-485,text,false,"Value expected to match regexp 'Hello People! we are coming for u', but it did not match: '[]'",1196,0,32,1174,http://localhost:8085/tasks/update/${task_id},0,0,0
1603289960912,0,Debug Sampler,200,OK,Stress - jp@gc - Ultimate Thread Group 2-485,text,true,,339,0,32,1174,null,0,0,0
1603289960912,0,Debug Sampler,200,OK,Stress - jp@gc - Ultimate Thread Group 2-485,text,true,,337,0,32,1174,null,0,0,0
1603289950988,9217,Post_Tasks,201,,Stress - jp@gc - Ultimate Thread Group 2-487,text,true,,396,380,27,974,http://localhost:8085/tasks/create,9217,0,0
1603289946563,13659,Get_Users,200,,Stress - jp@gc - Ultimate Thread Group 2-483,text,true,,20998,205,27,974,http://localhost:8085/users/read,13659,0,4569
1603289951560,8671,Post_Tasks,201,,Stress - jp@gc - Ultimate Thread Group 2-498,text,true,,396,380,27,974,http://localhost:8085/tasks/create,8671,0,0
1603289953387,6866,Get_Tasks,200,,Stress - jp@gc - Ultimate Thread Group 2-486,text,true,,21868,205,27,974,http://localhost:8085/tasks/read,6866,0,0
1603289960914,0,Update_Users,Non HTTP response code: java.net.URISyntaxException,Non HTTP response message: Illegal character in path at index 36: http://localhost:8085/users/update/${user_id},Stress - jp@gc - Ultimate Thread Group 2-486,text,false,"Value expected to match regexp 'Joni', but it did not match: '[]'",1196,0,32,1174,http://localhost:8085/users/update/${user_id},0,0,0
1603289960915,0,Update_Tasks,Non HTTP response code: java.net.URISyntaxException,Non HTTP response message: Illegal character in path at index 36: http://localhost:8085/tasks/update/${task_id},Stress - jp@gc - Ultimate Thread Group 2-486,text,false,"Value expected to match regexp 'Hello People! we are coming for u', but it did not match: '[]'",1196,0,32,1174,http://localhost:8085/tasks/update/${task_id},0,0,0
1603289960915,0,Debug Sampler,200,OK,Stress - jp@gc - Ultimate Thread Group 2-486,text,true,,339,0,32,1174,null,0,0,0
1603289960916,0,Debug Sampler,200,OK,Stress - jp@gc - Ultimate Thread Group 2-486,text,true,,338,0,32,1174,null,0,0,0
1603289933563,26667,Get_Users,200,,Stress - jp@gc - Ultimate Thread Group 2-496,text,true,,20859,205,27,974,http://localhost:8085/users/read,26667,0,1092
1603289934564,25691,Get_Users,200,,Stress - jp@gc - Ultimate Thread Group 2-495,text,true,,20100,205,27,974,http://localhost:8085/users/read,25691,0,3306
1603289949865,10311,Post_Tasks,201,,Stress - jp@gc - Ultimate Thread Group 2-490,text,true,,396,380,27,974,http://localhost:8085/tasks/create,10311,0,0
1603289960169,1318,Post_Users,201,,Stress - jp@gc - Ultimate Thread Group 2-500,text,true,,390,354,32,1195,http://localhost:8085/users/create,1318,0,0
1603289960166,1669,Get_Tasks,200,,Stress - jp@gc - Ultimate Thread Group 2-492,text,true,,22687,205,33,1209,http://localhost:8085/tasks/read,1669,0,0
1603289961835,0,Update_Users,Non HTTP response code: java.net.URISyntaxException,Non HTTP response message: Illegal character in path at index 36: http://localhost:8085/users/update/${user_id},Stress - jp@gc - Ultimate Thread Group 2-492,text,false,"Value expected to match regexp 'Joni', but it did not match: '[]'",1196,0,33,1209,http://localhost:8085/users/update/${user_id},0,0,0
1603289961835,0,Update_Tasks,Non HTTP response code: java.net.URISyntaxException,Non HTTP response message: Illegal character in path at index 36: http://localhost:8085/tasks/update/${task_id},Stress - jp@gc - Ultimate Thread Group 2-492,text,false,"Value expected to match regexp 'Hello People! we are coming for u', but it did not match: '[]'",1196,0,33,1209,http://localhost:8085/tasks/update/${task_id},0,0,0
1603289961836,0,Debug Sampler,200,OK,Stress - jp@gc - Ultimate Thread Group 2-492,text,true,,339,0,33,1209,null,0,0,0
1603289961836,0,Debug Sampler,200,OK,Stress - jp@gc - Ultimate Thread Group 2-492,text,true,,338,0,33,1209,null,0,0,0
1603289960156,1999,Get_Tasks,200,,Stress - jp@gc - Ultimate Thread Group 2-484,text,true,,22555,205,33,1222,http://localhost:8085/tasks/read,1945,0,0
1603289962154,0,Update_Users,Non HTTP response code: java.net.URISyntaxException,Non HTTP response message: Illegal character in path at index 36: http://localhost:8085/users/update/${user_id},Stress - jp@gc - Ultimate Thread Group 2-484,text,false,"Value expected to match regexp 'Joni', but it did not match: '[]'",1196,0,33,1222,http://localhost:8085/users/update/${user_id},0,0,0
1603289962155,0,Update_Tasks,Non HTTP response code: java.net.URISyntaxException,Non HTTP response message: Illegal character in path at index 36: http://localhost:8085/tasks/update/${task_id},Stress - jp@gc - Ultimate Thread Group 2-484,text,false,"Value expected to match regexp 'Hello People! we are coming for u', but it did not match: '[]'",1196,0,33,1222,http://localhost:8085/tasks/update/${task_id},0,0,0
1603289962155,0,Debug Sampler,200,OK,Stress - jp@gc - Ultimate Thread Group 2-484,text,true,,339,0,33,1222,null,0,0,0
1603289962155,0,Debug Sampler,200,OK,Stress - jp@gc - Ultimate Thread Group 2-484,text,true,,338,0,33,1222,null,0,0,0
1603289962155,16,Post_Users,201,,Stress - jp@gc - Ultimate Thread Group 2-484,text,true,,390,354,33,1222,http://localhost:8085/users/create,16,0,0
1603289951907,12141,Post_Users,201,,Stress - jp@gc - Ultimate Thread Group 2-488,text,true,,390,354,35,1292,http://localhost:8085/users/create,12141,0,0
1603289950563,17200,Get_Users,200,,Stress - jp@gc - Ultimate Thread Group 2-479,text,true,,39106,205,39,1433,http://localhost:8085/users/read,17199,0,10255
1603289949565,18710,Get_Users,200,,Stress - jp@gc - Ultimate Thread Group 2-480,text,true,,39106,205,39,1452,http://localhost:8085/users/read,18709,0,11250
1603289952563,16332,Get_Users,200,,Stress - jp@gc - Ultimate Thread Group 2-477,text,true,,39360,205,40,1475,http://localhost:8085/users/read,16330,0,8263
1603289951564,20403,Get_Users,200,,Stress - jp@gc - Ultimate Thread Group 2-478,text,true,,40376,205,43,1591,http://localhost:8085/users/read,20403,0,9259
1603289947564,25266,Get_Users,200,,Stress - jp@gc - Ultimate Thread Group 2-482,text,true,,40630,205,44,1623,http://localhost:8085/users/read,25265,0,13246
1603289948563,26482,Get_Users,200,,Stress - jp@gc - Ultimate Thread Group 2-481,text,true,,41011,205,46,1706,http://localhost:8085/users/read,26481,0,12249
1603289960911,17608,Get_Tasks,200,,Stress - jp@gc - Ultimate Thread Group 2-497,text,true,,24624,205,49,1837,http://localhost:8085/tasks/read,17608,0,0
1603289978520,0,Update_Users,Non HTTP response code: java.net.URISyntaxException,Non HTTP response message: Illegal character in path at index 36: http://localhost:8085/users/update/${user_id},Stress - jp@gc - Ultimate Thread Group 2-497,text,false,"Value expected to match regexp 'Joni', but it did not match: '[]'",1196,0,49,1837,http://localhost:8085/users/update/${user_id},0,0,0
1603289978521,0,Update_Tasks,Non HTTP response code: java.net.URISyntaxException,Non HTTP response message: Illegal character in path at index 36: http://localhost:8085/tasks/update/${task_id},Stress - jp@gc - Ultimate Thread Group 2-497,text,false,"Value expected to match regexp 'Hello People! we are coming for u', but it did not match: '[]'",1196,0,49,1837,http://localhost:8085/tasks/update/${task_id},0,0,0
1603289978522,0,Debug Sampler,200,OK,Stress - jp@gc - Ultimate Thread Group 2-497,text,true,,339,0,49,1837,null,0,0,0
1603289978522,0,Debug Sampler,200,OK,Stress - jp@gc - Ultimate Thread Group 2-497,text,true,,338,0,49,1837,null,0,0,0
1603289960916,17616,Get_Tasks,200,,Stress - jp@gc - Ultimate Thread Group 2-496,text,true,,24624,205,49,1837,http://localhost:8085/tasks/read,17615,0,0
1603289978533,0,Update_Users,Non HTTP response code: java.net.URISyntaxException,Non HTTP response message: Illegal character in path at index 36: http://localhost:8085/users/update/${user_id},Stress - jp@gc - Ultimate Thread Group 2-496,text,false,"Value expected to match regexp 'Joni', but it did not match: '[]'",1196,0,49,1837,http://localhost:8085/users/update/${user_id},0,0,0
1603289978534,0,Update_Tasks,Non HTTP response code: java.net.URISyntaxException,Non HTTP response message: Illegal character in path at index 36: http://localhost:8085/tasks/update/${task_id},Stress - jp@gc - Ultimate Thread Group 2-496,text,false,"Value expected to match regexp 'Hello People! we are coming for u', but it did not match: '[]'",1196,0,49,1837,http://localhost:8085/tasks/update/${task_id},0,0,0
1603289978534,0,Debug Sampler,200,OK,Stress - jp@gc - Ultimate Thread Group 2-496,text,true,,339,0,49,1838,null,0,0,0
1603289978534,0,Debug Sampler,200,OK,Stress - jp@gc - Ultimate Thread Group 2-496,text,true,,337,0,49,1838,null,0,0,0
1603289960916,17704,Post_Users,201,,Stress - jp@gc - Ultimate Thread Group 2-486,text,true,,390,354,50,1842,http://localhost:8085/users/create,17704,0,0
1603289960912,17737,Post_Users,201,,Stress - jp@gc - Ultimate Thread Group 2-485,text,true,,390,354,50,1842,http://localhost:8085/users/create,17737,0,0
1603289960917,17802,Get_Tasks,200,,Stress - jp@gc - Ultimate Thread Group 2-495,text,true,,24624,205,50,1846,http://localhost:8085/tasks/read,17801,0,0
1603289978721,0,Update_Users,Non HTTP response code: java.net.URISyntaxException,Non HTTP response message: Illegal character in path at index 36: http://localhost:8085/users/update/${user_id},Stress - jp@gc - Ultimate Thread Group 2-495,text,false,"Value expected to match regexp 'Joni', but it did not match: '[]'",1196,0,50,1846,http://localhost:8085/users/update/${user_id},0,0,0
1603289978721,0,Update_Tasks,Non HTTP response code: java.net.URISyntaxException,Non HTTP response message: Illegal character in path at index 36: http://localhost:8085/tasks/update/${task_id},Stress - jp@gc - Ultimate Thread Group 2-495,text,false,"Value expected to match regexp 'Hello People! we are coming for u', but it did not match: '[]'",1196,0,50,1846,http://localhost:8085/tasks/update/${task_id},0,0,0
1603289978721,0,Debug Sampler,200,OK,Stress - jp@gc - Ultimate Thread Group 2-495,text,true,,339,0,50,1846,null,0,0,0
1603289978721,0,Debug Sampler,200,OK,Stress - jp@gc - Ultimate Thread Group 2-495,text,true,,338,0,50,1846,null,0,0,0
1603289960914,17814,Get_Tasks,200,,Stress - jp@gc - Ultimate Thread Group 2-483,text,true,,24624,205,50,1846,http://localhost:8085/tasks/read,17813,0,0
1603289978729,0,Update_Users,Non HTTP response code: java.net.URISyntaxException,Non HTTP response message: Illegal character in path at index 36: http://localhost:8085/users/update/${user_id},Stress - jp@gc - Ultimate Thread Group 2-483,text,false,"Value expected to match regexp 'Joni', but it did not match: '[]'",1196,0,50,1846,http://localhost:8085/users/update/${user_id},0,0,0
1603289978729,0,Update_Tasks,Non HTTP response code: java.net.URISyntaxException,Non HTTP response message: Illegal character in path at index 36: http://localhost:8085/tasks/update/${task_id},Stress - jp@gc - Ultimate Thread Group 2-483,text,false,"Value expected to match regexp 'Hello People! we are coming for u', but it did not match: '[]'",1196,0,50,1846,http://localhost:8085/tasks/update/${task_id},0,0,0
1603289978730,0,Debug Sampler,200,OK,Stress - jp@gc - Ultimate Thread Group 2-483,text,true,,339,0,50,1846,null,0,0,0
1603289978730,0,Debug Sampler,200,OK,Stress - jp@gc - Ultimate Thread Group 2-483,text,true,,338,0,50,1846,null,0,0,0
1603289960912,20156,Delete_Users,204,,Stress - jp@gc - Ultimate Thread Group 2-499,,true,,191,232,52,1934,http://localhost:8085/users/delete/56,0,0,0
1603289953564,27846,Get_Users,200,,Stress - jp@gc - Ultimate Thread Group 2-476,text,true,,41906,205,52,1939,http://localhost:8085/users/read,27844,0,7440
1603289960917,20582,Delete_Users,204,,Stress - jp@gc - Ultimate Thread Group 2-490,,true,,191,233,52,1941,http://localhost:8085/users/delete/169,0,0,0
1603289978650,2895,Post_Tasks,201,,Stress - jp@gc - Ultimate Thread Group 2-485,text,true,,396,380,52,1942,http://localhost:8085/tasks/create,2895,0,0
1603289960914,20633,Delete_Users,204,,Stress - jp@gc - Ultimate Thread Group 2-498,,true,,191,233,52,1942,http://localhost:8085/users/delete/193,0,0,0
1603289960913,21767,Delete_Users,204,,Stress - jp@gc - Ultimate Thread Group 2-487,,true,,191,233,54,1963,http://localhost:8085/users/delete/187,0,0,0
1603289954563,28801,Get_Users,200,,Stress - jp@gc - Ultimate Thread Group 2-475,text,true,,42033,205,54,1974,http://localhost:8085/users/read,28800,0,6476
1603289961487,26310,Post_Tasks,201,,Stress - jp@gc - Ultimate Thread Group 2-500,text,true,,396,380,59,2051,http://localhost:8085/tasks/create,26310,0,0
1603289961836,27810,Post_Users,201,,Stress - jp@gc - Ultimate Thread Group 2-492,text,true,,390,354,59,2048,http://localhost:8085/users/create,27810,0,0
1603289962172,27483,Post_Tasks,201,,Stress - jp@gc - Ultimate Thread Group 2-484,text,true,,396,380,59,2047,http://localhost:8085/tasks/create,27482,0,0
1603289949395,40278,Post_Users,201,,Stress - jp@gc - Ultimate Thread Group 2-491,text,true,,390,354,59,2041,http://localhost:8085/users/create,40278,0,0
1603289960265,30719,Get_Users,200,,Stress - jp@gc - Ultimate Thread Group 2-474,text,true,,48892,205,62,2021,http://localhost:8085/users/read,30719,0,3620
1603289960268,31010,Get_Users,200,,Stress - jp@gc - Ultimate Thread Group 2-472,text,true,,48892,205,62,2021,http://localhost:8085/users/read,31010,0,3634
1603289960845,32617,Get_Users,200,,Stress - jp@gc - Ultimate Thread Group 2-469,text,true,,48888,205,64,2021,http://localhost:8085/users/read,32617,0,3206
1603289960302,33669,Get_Users,200,,Stress - jp@gc - Ultimate Thread Group 2-471,text,true,,48888,205,65,2022,http://localhost:8085/users/read,33669,0,3608
1603289960303,33940,Get_Users,200,,Stress - jp@gc - Ultimate Thread Group 2-470,text,true,,48888,205,65,2022,http://localhost:8085/users/read,33939,0,3608
1603289960303,34219,Get_Users,200,,Stress - jp@gc - Ultimate Thread Group 2-473,text,true,,48888,205,65,2021,http://localhost:8085/users/read,34218,0,3610
1603289994522,17,Get_Tasks,200,,Stress - jp@gc - Ultimate Thread Group 2-473,text,true,,34788,205,65,2021,http://localhost:8085/tasks/read,16,0,0
1603289994539,0,Update_Users,Non HTTP response code: java.net.URISyntaxException,Non HTTP response message: Illegal character in path at index 36: http://localhost:8085/users/update/${user_id},Stress - jp@gc - Ultimate Thread Group 2-473,text,false,"Value expected to match regexp 'Joni', but it did not match: '[]'",1196,0,65,2021,http://localhost:8085/users/update/${user_id},0,0,0
1603289994540,0,Update_Tasks,Non HTTP response code: java.net.URISyntaxException,Non HTTP response message: Illegal character in path at index 36: http://localhost:8085/tasks/update/${task_id},Stress - jp@gc - Ultimate Thread Group 2-473,text,false,"Value expected to match regexp 'Hello People! we are coming for u', but it did not match: '[]'",1196,0,65,2021,http://localhost:8085/tasks/update/${task_id},0,0,0
1603289994540,0,Debug Sampler,200,OK,Stress - jp@gc - Ultimate Thread Group 2-473,text,true,,339,0,65,2021,null,0,0,0
1603289994540,0,Debug Sampler,200,OK,Stress - jp@gc - Ultimate Thread Group 2-473,text,true,,338,0,65,2021,null,0,0,0
1603289994540,11,Post_Users,201,,Stress - jp@gc - Ultimate Thread Group 2-473,text,true,,390,354,65,2021,http://localhost:8085/users/create,11,0,0
1603289994552,218,Post_Tasks,201,,Stress - jp@gc - Ultimate Thread Group 2-473,text,true,,396,380,66,2022,http://localhost:8085/tasks/create,6,0,0
1603289994771,30,Delete_Users,204,,Stress - jp@gc - Ultimate Thread Group 2-473,,true,,191,233,66,2022,http://localhost:8085/users/delete/486,0,0,0
1603289994801,9,Delete_Tasks,204,,Stress - jp@gc - Ultimate Thread Group 2-473,,true,,191,233,66,2022,http://localhost:8085/tasks/delete/317,0,0,0
1603289964047,33744,Post_Tasks,201,,Stress - jp@gc - Ultimate Thread Group 2-488,text,true,,396,380,69,2025,http://localhost:8085/tasks/create,33743,0,0
1603289961562,41440,Get_Users,200,,Stress - jp@gc - Ultimate Thread Group 2-468,text,true,,48888,205,74,2022,http://localhost:8085/users/read,41439,0,3010
1603289962666,41980,Get_Users,200,,Stress - jp@gc - Ultimate Thread Group 2-467,text,true,,49151,205,76,2023,http://localhost:8085/users/read,41979,0,1952
1603289963563,45427,Get_Users,200,,Stress - jp@gc - Ultimate Thread Group 2-466,text,true,,49791,205,80,1993,http://localhost:8085/users/read,45426,0,1932
1603289964563,47594,Get_Users,200,,Stress - jp@gc - Ultimate Thread Group 2-465,text,true,,49666,205,83,1988,http://localhost:8085/users/read,47553,0,1062
1603290012157,989,Get_Tasks,200,,Stress - jp@gc - Ultimate Thread Group 2-465,text,true,,38438,205,84,1984,http://localhost:8085/tasks/read,15,0,0
1603290013146,0,Update_Users,Non HTTP response code: java.net.URISyntaxException,Non HTTP response message: Illegal character in path at index 36: http://localhost:8085/users/update/${user_id},Stress - jp@gc - Ultimate Thread Group 2-465,text,false,"Value expected to match regexp 'Joni', but it did not match: '[]'",1196,0,84,1984,http://localhost:8085/users/update/${user_id},0,0,0
1603290013148,0,Update_Tasks,Non HTTP response code: java.net.URISyntaxException,Non HTTP response message: Illegal character in path at index 36: http://localhost:8085/tasks/update/${task_id},Stress - jp@gc - Ultimate Thread Group 2-465,text,false,"Value expected to match regexp 'Hello People! we are coming for u', but it did not match: '[]'",1196,0,84,1984,http://localhost:8085/tasks/update/${task_id},0,0,0
1603290013148,0,Debug Sampler,200,OK,Stress - jp@gc - Ultimate Thread Group 2-465,text,true,,339,0,84,1984,null,0,0,0
1603290013148,0,Debug Sampler,200,OK,Stress - jp@gc - Ultimate Thread Group 2-465,text,true,,338,0,84,1984,null,0,0,0
1603289965562,49899,Get_Users,200,,Stress - jp@gc - Ultimate Thread Group 2-464,text,true,,49156,205,86,1972,http://localhost:8085/users/read,49897,0,735
1603289967762,49304,Get_Tasks,200,,Stress - jp@gc - Ultimate Thread Group 2-479,text,true,,40869,205,88,1958,http://localhost:8085/tasks/read,49304,0,0
1603290017067,0,Update_Users,Non HTTP response code: java.net.URISyntaxException,Non HTTP response message: Illegal character in path at index 36: http://localhost:8085/users/update/${user_id},Stress - jp@gc - Ultimate Thread Group 2-479,text,false,"Value expected to match regexp 'Joni', but it did not match: '[]'",1196,0,88,1958,http://localhost:8085/users/update/${user_id},0,0,0
1603290017068,0,Update_Tasks,Non HTTP response code: java.net.URISyntaxException,Non HTTP response message: Illegal character in path at index 36: http://localhost:8085/tasks/update/${task_id},Stress - jp@gc - Ultimate Thread Group 2-479,text,false,"Value expected to match regexp 'Hello People! we are coming for u', but it did not match: '[]'",1196,0,88,1958,http://localhost:8085/tasks/update/${task_id},0,0,0
1603290017068,0,Debug Sampler,200,OK,Stress - jp@gc - Ultimate Thread Group 2-479,text,true,,339,0,88,1958,null,0,0,0
1603290017068,0,Debug Sampler,200,OK,Stress - jp@gc - Ultimate Thread Group 2-479,text,true,,338,0,88,1958,null,0,0,0
1603289968274,49073,Get_Tasks,200,,Stress - jp@gc - Ultimate Thread Group 2-480,text,true,,40869,205,88,1948,http://localhost:8085/tasks/read,49071,0,0
1603290017348,0,Update_Users,Non HTTP response code: java.net.URISyntaxException,Non HTTP response message: Illegal character in path at index 36: http://localhost:8085/users/update/${user_id},Stress - jp@gc - Ultimate Thread Group 2-480,text,false,"Value expected to match regexp 'Joni', but it did not match: '[]'",1196,0,88,1948,http://localhost:8085/users/update/${user_id},0,0,0
1603290017349,0,Update_Tasks,Non HTTP response code: java.net.URISyntaxException,Non HTTP response message: Illegal character in path at index 36: http://localhost:8085/tasks/update/${task_id},Stress - jp@gc - Ultimate Thread Group 2-480,text,false,"Value expected to match regexp 'Hello People! we are coming for u', but it did not match: '[]'",1196,0,88,1948,http://localhost:8085/tasks/update/${task_id},0,0,0
1603290017349,0,Debug Sampler,200,OK,Stress - jp@gc - Ultimate Thread Group 2-480,text,true,,339,0,88,1948,null,0,0,0
1603290017349,0,Debug Sampler,200,OK,Stress - jp@gc - Ultimate Thread Group 2-480,text,true,,338,0,88,1948,null,0,0,0
1603289968894,48627,Get_Tasks,200,,Stress - jp@gc - Ultimate Thread Group 2-477,text,true,,40869,205,88,1942,http://localhost:8085/tasks/read,48625,0,0
1603290017522,0,Update_Users,Non HTTP response code: java.net.URISyntaxException,Non HTTP response message: Illegal character in path at index 36: http://localhost:8085/users/update/${user_id},Stress - jp@gc - Ultimate Thread Group 2-477,text,false,"Value expected to match regexp 'Joni', but it did not match: '[]'",1196,0,88,1942,http://localhost:8085/users/update/${user_id},0,0,0
1603290017523,0,Update_Tasks,Non HTTP response code: java.net.URISyntaxException,Non HTTP response message: Illegal character in path at index 36: http://localhost:8085/tasks/update/${task_id},Stress - jp@gc - Ultimate Thread Group 2-477,text,false,"Value expected to match regexp 'Hello People! we are coming for u', but it did not match: '[]'",1196,0,88,1942,http://localhost:8085/tasks/update/${task_id},0,0,0
1603290017523,0,Debug Sampler,200,OK,Stress - jp@gc - Ultimate Thread Group 2-477,text,true,,339,0,88,1942,null,0,0,0
1603290017523,0,Debug Sampler,200,OK,Stress - jp@gc - Ultimate Thread Group 2-477,text,true,,338,0,88,1942,null,0,0,0
1603289966565,51304,Get_Users,200,,Stress - jp@gc - Ultimate Thread Group 2-463,text,true,,49027,205,89,1943,http://localhost:8085/users/read,51303,0,2373
1603289967563,52499,Get_Users,200,,Stress - jp@gc - Ultimate Thread Group 2-462,text,true,,49027,205,91,1944,http://localhost:8085/users/read,52498,0,1513
1603290020064,11,Get_Tasks,200,,Stress - jp@gc - Ultimate Thread Group 2-462,text,true,,40869,205,91,1944,http://localhost:8085/tasks/read,11,0,0
1603290020076,0,Update_Users,Non HTTP response code: java.net.URISyntaxException,Non HTTP response message: Illegal character in path at index 36: http://localhost:8085/users/update/${user_id},Stress - jp@gc - Ultimate Thread Group 2-462,text,false,"Value expected to match regexp 'Joni', but it did not match: '[]'",1196,0,91,1944,http://localhost:8085/users/update/${user_id},0,0,0
1603290020076,0,Update_Tasks,Non HTTP response code: java.net.URISyntaxException,Non HTTP response message: Illegal character in path at index 36: http://localhost:8085/tasks/update/${task_id},Stress - jp@gc - Ultimate Thread Group 2-462,text,false,"Value expected to match regexp 'Hello People! we are coming for u', but it did not match: '[]'",1196,0,91,1944,http://localhost:8085/tasks/update/${task_id},0,0,0
1603290020077,0,Debug Sampler,200,OK,Stress - jp@gc - Ultimate Thread Group 2-462,text,true,,339,0,91,1944,null,0,0,0
1603290020077,0,Debug Sampler,200,OK,Stress - jp@gc - Ultimate Thread Group 2-462,text,true,,338,0,91,1944,null,0,0,0
1603290013148,9081,Post_Users,201,,Stress - jp@gc - Ultimate Thread Group 2-465,text,true,,390,354,93,1941,http://localhost:8085/users/create,9081,0,0
1603289968562,54482,Get_Users,200,,Stress - jp@gc - Ultimate Thread Group 2-461,text,true,,50431,205,94,1938,http://localhost:8085/users/read,54482,0,582
1603289971967,51702,Get_Tasks,200,,Stress - jp@gc - Ultimate Thread Group 2-478,text,true,,41686,205,95,1914,http://localhost:8085/tasks/read,51701,0,0
1603290023670,0,Update_Users,Non HTTP response code: java.net.URISyntaxException,Non HTTP response message: Illegal character in path at index 36: http://localhost:8085/users/update/${user_id},Stress - jp@gc - Ultimate Thread Group 2-478,text,false,"Value expected to match regexp 'Joni', but it did not match: '[]'",1196,0,95,1914,http://localhost:8085/users/update/${user_id},0,0,0
1603290023671,0,Update_Tasks,Non HTTP response code: java.net.URISyntaxException,Non HTTP response message: Illegal character in path at index 36: http://localhost:8085/tasks/update/${task_id},Stress - jp@gc - Ultimate Thread Group 2-478,text,false,"Value expected to match regexp 'Hello People! we are coming for u', but it did not match: '[]'",1196,0,95,1914,http://localhost:8085/tasks/update/${task_id},0,0,0
1603290023671,0,Debug Sampler,200,OK,Stress - jp@gc - Ultimate Thread Group 2-478,text,true,,339,0,95,1914,null,0,0,0
1603290023671,0,Debug Sampler,200,OK,Stress - jp@gc - Ultimate Thread Group 2-478,text,true,,338,0,95,1914,null,0,0,0
1603289969563,55812,Get_Users,200,,Stress - jp@gc - Ultimate Thread Group 2-460,text,true,,51194,205,96,1898,http://localhost:8085/users/read,55811,0,3144
1603289972829,52574,Get_Tasks,200,,Stress - jp@gc - Ultimate Thread Group 2-482,text,true,,41821,205,96,1897,http://localhost:8085/tasks/read,52573,0,0
1603290025404,0,Update_Users,Non HTTP response code: java.net.URISyntaxException,Non HTTP response message: Illegal character in path at index 36: http://localhost:8085/users/update/${user_id},Stress - jp@gc - Ultimate Thread Group 2-482,text,false,"Value expected to match regexp 'Joni', but it did not match: '[]'",1196,0,96,1897,http://localhost:8085/users/update/${user_id},0,0,0
1603290025406,0,Update_Tasks,Non HTTP response code: java.net.URISyntaxException,Non HTTP response message: Illegal character in path at index 36: http://localhost:8085/tasks/update/${task_id},Stress - jp@gc - Ultimate Thread Group 2-482,text,false,"Value expected to match regexp 'Hello People! we are coming for u', but it did not match: '[]'",1196,0,96,1897,http://localhost:8085/tasks/update/${task_id},0,0,0
1603290025406,0,Debug Sampler,200,OK,Stress - jp@gc - Ultimate Thread Group 2-482,text,true,,339,0,96,1897,null,0,0,0
1603290025406,0,Debug Sampler,200,OK,Stress - jp@gc - Ultimate Thread Group 2-482,text,true,,338,0,96,1897,null,0,0,0
1603289970562,57567,Get_Users,200,,Stress - jp@gc - Ultimate Thread Group 2-459,text,true,,51321,205,99,1876,http://localhost:8085/users/read,57566,0,2686
1603289971563,58935,Get_Users,200,,Stress - jp@gc - Ultimate Thread Group 2-458,text,true,,51321,205,101,1858,http://localhost:8085/users/read,58934,0,1823
1603289972562,59933,Get_Users,200,,Stress - jp@gc - Ultimate Thread Group 2-457,text,true,,51321,205,103,1846,http://localhost:8085/users/read,59932,0,1023
1603289973563,61399,Get_Users,200,,Stress - jp@gc - Ultimate Thread Group 2-456,text,true,,51321,205,106,1827,http://localhost:8085/users/read,61398,0,295
1603289974563,63070,Get_Users,200,,Stress - jp@gc - Ultimate Thread Group 2-455,text,true,,51702,205,109,1801,http://localhost:8085/users/read,63068,0,276
1603289975044,62779,Get_Tasks,200,,Stress - jp@gc - Ultimate Thread Group 2-481,text,true,,42631,205,109,1795,http://localhost:8085/tasks/read,62635,0,0
1603290037824,0,Update_Users,Non HTTP response code: java.net.URISyntaxException,Non HTTP response message: Illegal character in path at index 36: http://localhost:8085/users/update/${user_id},Stress - jp@gc - Ultimate Thread Group 2-481,text,false,"Value expected to match regexp 'Joni', but it did not match: '[]'",1196,0,109,1795,http://localhost:8085/users/update/${user_id},0,0,0
1603290037826,0,Update_Tasks,Non HTTP response code: java.net.URISyntaxException,Non HTTP response message: Illegal character in path at index 36: http://localhost:8085/tasks/update/${task_id},Stress - jp@gc - Ultimate Thread Group 2-481,text,false,"Value expected to match regexp 'Hello People! we are coming for u', but it did not match: '[]'",1196,0,109,1795,http://localhost:8085/tasks/update/${task_id},0,0,0
1603290037826,0,Debug Sampler,200,OK,Stress - jp@gc - Ultimate Thread Group 2-481,text,true,,339,0,109,1795,null,0,0,0
1603290037826,0,Debug Sampler,200,OK,Stress - jp@gc - Ultimate Thread Group 2-481,text,true,,338,0,109,1795,null,0,0,0
1603289975563,65415,Get_Users,200,,Stress - jp@gc - Ultimate Thread Group 2-454,text,true,,52210,205,112,1757,http://localhost:8085/users/read,65414,0,840
1603289976564,67415,Get_Users,200,,Stress - jp@gc - Ultimate Thread Group 2-453,text,true,,52460,205,115,1732,http://localhost:8085/users/read,67413,0,936
1603289978621,67906,Post_Tasks,201,,Stress - jp@gc - Ultimate Thread Group 2-486,text,true,,396,380,117,1710,http://localhost:8085/tasks/create,67738,0,0
1603289978565,69134,Get_Users,200,,Stress - jp@gc - Ultimate Thread Group 2-451,text,true,,52714,205,119,1701,http://localhost:8085/users/read,69133,0,1080
1603289979564,74167,Get_Users,200,,Stress - jp@gc - Ultimate Thread Group 2-450,text,true,,52841,205,124,1641,http://localhost:8085/users/read,74167,0,1715
1603289981499,74277,Delete_Tasks,204,,Stress - jp@gc - Ultimate Thread Group 2-490,,true,,191,233,125,1625,http://localhost:8085/tasks/delete/155,0,0,0
1603289982681,73772,Delete_Tasks,204,,Stress - jp@gc - Ultimate Thread Group 2-487,,true,,191,233,124,1614,http://localhost:8085/tasks/delete/171,0,0,0
1603289978534,78292,Post_Users,201,,Stress - jp@gc - Ultimate Thread Group 2-496,text,true,,390,354,123,1609,http://localhost:8085/users/create,78292,0,0
1603289981547,75991,Delete_Tasks,204,,Stress - jp@gc - Ultimate Thread Group 2-498,,true,,191,233,122,1594,http://localhost:8085/tasks/delete/179,0,0,0
1603289981544,76012,Delete_Users,204,,Stress - jp@gc - Ultimate Thread Group 2-485,,true,,191,233,121,1593,http://localhost:8085/users/delete/405,0,0,0
1603289978721,79112,Post_Users,201,,Stress - jp@gc - Ultimate Thread Group 2-495,text,true,,390,354,120,1584,http://localhost:8085/users/create,79111,0,0
1603289983363,74501,Get_Tasks,200,,Stress - jp@gc - Ultimate Thread Group 2-475,text,true,,44251,205,119,1581,http://localhost:8085/tasks/read,74499,0,0
1603289981409,76895,Get_Tasks,200,,Stress - jp@gc - Ultimate Thread Group 2-476,text,true,,44251,205,118,1567,http://localhost:8085/tasks/read,76894,0,0
1603289978730,79965,Post_Users,201,,Stress - jp@gc - Ultimate Thread Group 2-483,text,true,,390,354,117,1556,http://localhost:8085/users/create,79964,0,0
1603289981068,77772,Delete_Tasks,204,,Stress - jp@gc - Ultimate Thread Group 2-499,,true,,191,233,116,1554,http://localhost:8085/tasks/delete/161,0,0,0
1603289980563,79591,Get_Users,200,,Stress - jp@gc - Ultimate Thread Group 2-449,text,true,,53476,205,115,1517,http://localhost:8085/users/read,79590,0,1325
1603289981565,78869,Get_Users,200,,Stress - jp@gc - Ultimate Thread Group 2-448,text,true,,53476,205,114,1509,http://localhost:8085/users/read,78868,0,4814
1603289982563,78526,Get_Users,200,,Stress - jp@gc - Ultimate Thread Group 2-447,text,true,,53476,205,113,1495,http://localhost:8085/users/read,78525,0,4305
1603289983562,78258,Get_Users,200,,Stress - jp@gc - Ultimate Thread Group 2-446,text,true,,53476,205,112,1476,http://localhost:8085/users/read,78258,0,3366
1603289984563,77996,Get_Users,200,,Stress - jp@gc - Ultimate Thread Group 2-445,text,true,,53476,205,111,1456,http://localhost:8085/users/read,77996,0,2435
1603289985562,78334,Get_Users,200,,Stress - jp@gc - Ultimate Thread Group 2-444,text,true,,53476,205,110,1439,http://localhost:8085/users/read,78332,0,1494
1603289986563,79259,Get_Users,200,,Stress - jp@gc - Ultimate Thread Group 2-443,text,true,,53476,205,109,1419,http://localhost:8085/users/read,79257,0,527
1603289987564,79616,Get_Users,200,,Stress - jp@gc - Ultimate Thread Group 2-442,text,true,,53476,205,108,1402,http://localhost:8085/users/read,79614,0,63
1603289978522,89556,Post_Users,201,,Stress - jp@gc - Ultimate Thread Group 2-497,text,true,,390,354,107,1384,http://localhost:8085/users/create,89556,0,0
1603289991279,77619,Get_Tasks,200,,Stress - jp@gc - Ultimate Thread Group 2-472,text,true,,44936,205,106,1317,http://localhost:8085/tasks/read,77618,0,0
1603289993463,75472,Get_Tasks,200,,Stress - jp@gc - Ultimate Thread Group 2-469,text,true,,44936,205,105,1314,http://localhost:8085/tasks/read,75471,0,0
1603289989646,79484,Post_Tasks,201,,Stress - jp@gc - Ultimate Thread Group 2-492,text,true,,396,380,104,1292,http://localhost:8085/tasks/create,79483,0,0
1603289989655,79805,Delete_Users,204,,Stress - jp@gc - Ultimate Thread Group 2-484,,true,,191,233,103,1254,http://localhost:8085/users/delete/253,0,0,0
1603289990984,78695,Get_Tasks,200,,Stress - jp@gc - Ultimate Thread Group 2-474,text,true,,46290,205,102,1178,http://localhost:8085/tasks/read,78695,0,0
1603290022231,48472,Post_Tasks,Non HTTP response code: java.net.SocketException,Non HTTP response message: Socket closed,Stress - jp@gc - Ultimate Thread Group 2-465,text,false,,2699,0,101,464,http://localhost:8085/tasks/create,0,0,0
1603290023563,47140,Get_Users,Non HTTP response code: java.net.SocketException,Non HTTP response message: Socket closed,Stress - jp@gc - Ultimate Thread Group 2-406,text,false,,2699,0,100,463,http://localhost:8085/users/read,0,0,1093
1603290002563,68141,Get_Users,Non HTTP response code: java.net.SocketException,Non HTTP response message: Socket closed,Stress - jp@gc - Ultimate Thread Group 2-427,text,false,,2699,0,99,462,http://localhost:8085/users/read,0,0,3544
1603289998564,72141,Get_Users,Non HTTP response code: java.net.SocketException,Non HTTP response message: Socket closed,Stress - jp@gc - Ultimate Thread Group 2-431,text,false,,2699,0,98,461,http://localhost:8085/users/read,0,0,7526
1603290015563,55142,Get_Users,Non HTTP response code: java.net.SocketException,Non HTTP response message: Socket closed,Stress - jp@gc - Ultimate Thread Group 2-414,text,false,,2699,0,97,460,http://localhost:8085/users/read,0,0,2135
1603290008564,62141,Get_Users,Non HTTP response code: java.net.SocketException,Non HTTP response message: Socket closed,Stress - jp@gc - Ultimate Thread Group 2-421,text,false,,2699,0,96,459,http://localhost:8085/users/read,0,0,4518
1603290003569,67137,Get_Users,Non HTTP response code: java.net.SocketException,Non HTTP response message: Socket closed,Stress - jp@gc - Ultimate Thread Group 2-426,text,false,,2699,0,95,458,http://localhost:8085/users/read,0,0,2542
1603290004564,66143,Get_Users,Non HTTP response code: java.net.SocketException,Non HTTP response message: Socket closed,Stress - jp@gc - Ultimate Thread Group 2-425,text,false,,2699,0,94,457,http://localhost:8085/users/read,0,0,1549
1603290017349,53358,Post_Users,Non HTTP response code: java.net.SocketException,Non HTTP response message: Socket closed,Stress - jp@gc - Ultimate Thread Group 2-480,text,false,,2699,0,93,456,http://localhost:8085/users/create,0,0,1310
1603290024587,46121,Get_Users,Non HTTP response code: java.net.SocketException,Non HTTP response message: Socket closed,Stress - jp@gc - Ultimate Thread Group 2-405,text,false,,2699,0,92,455,http://localhost:8085/users/read,0,0,14143
1603290035563,35146,Get_Users,Non HTTP response code: java.net.SocketException,Non HTTP response message: Socket closed,Stress - jp@gc - Ultimate Thread Group 2-394,text,false,,2699,0,91,454,http://localhost:8085/users/read,0,0,8687
1603290007563,63146,Get_Users,Non HTTP response code: java.net.SocketException,Non HTTP response message: Socket closed,Stress - jp@gc - Ultimate Thread Group 2-422,text,false,,2699,0,90,453,http://localhost:8085/users/read,0,0,5518
1603290031564,39146,Get_Users,Non HTTP response code: java.net.SocketException,Non HTTP response message: Socket closed,Stress - jp@gc - Ultimate Thread Group 2-398,text,false,,2699,0,89,452,http://localhost:8085/users/read,0,0,11366
1603289994564,76146,Get_Users,Non HTTP response code: java.net.SocketException,Non HTTP response message: Socket closed,Stress - jp@gc - Ultimate Thread Group 2-435,text,false,,2699,0,88,451,http://localhost:8085/users/read,0,0,11520
1603290047573,23137,Get_Users,Non HTTP response code: java.net.SocketException,Non HTTP response message: Socket closed,Stress - jp@gc - Ultimate Thread Group 2-382,text,false,,2699,0,87,450,http://localhost:8085/users/read,0,0,2622
1603290022562,48149,Get_Users,Non HTTP response code: java.net.SocketException,Non HTTP response message: Socket closed,Stress - jp@gc - Ultimate Thread Group 2-407,text,false,,2699,0,86,449,http://localhost:8085/users/read,0,0,1045
1603289994811,75901,Get_Users,Non HTTP response code: java.net.SocketException,Non HTTP response message: Socket closed,Stress - jp@gc - Ultimate Thread Group 2-473,text,false,,2699,0,85,448,http://localhost:8085/users/read,0,0,11274
1603290019564,51148,Get_Users,Non HTTP response code: java.net.SocketException,Non HTTP response message: Socket closed,Stress - jp@gc - Ultimate Thread Group 2-410,text,false,,2699,0,84,447,http://localhost:8085/users/read,0,0,3970
1603290014563,56148,Get_Users,Non HTTP response code: java.net.SocketException,Non HTTP response message: Socket closed,Stress - jp@gc - Ultimate Thread Group 2-415,text,false,,2699,0,83,446,http://localhost:8085/users/read,0,0,198
1603289992576,78137,Get_Users,Non HTTP response code: java.net.SocketException,Non HTTP response message: Socket closed,Stress - jp@gc - Ultimate Thread Group 2-437,text,false,,2699,0,82,445,http://localhost:8085/users/read,0,0,13503
1603290030499,40215,Get_Tasks,Non HTTP response code: java.net.SocketException,Non HTTP response message: Socket closed,Stress - jp@gc - Ultimate Thread Group 2-458,text,false,,2699,0,81,444,http://localhost:8085/tasks/read,0,0,0
1603289989723,80990,Get_Users,Non HTTP response code: java.net.SocketException,Non HTTP response message: Socket closed,Stress - jp@gc - Ultimate Thread Group 2-441,text,false,,2699,0,80,443,http://localhost:8085/users/read,0,0,16341
1603290017523,53192,Post_Users,Non HTTP response code: java.net.SocketException,Non HTTP response message: Socket closed,Stress - jp@gc - Ultimate Thread Group 2-477,text,false,,2699,0,79,442,http://localhost:8085/users/create,0,0,1094
1603290018563,52153,Get_Users,Non HTTP response code: java.net.SocketException,Non HTTP response message: Socket closed,Stress - jp@gc - Ultimate Thread Group 2-411,text,false,,2699,0,78,441,http://localhost:8085/users/read,0,0,4969
1603290004648,66069,Get_Tasks,Non HTTP response code: java.net.SocketException,Non HTTP response message: Socket closed,Stress - jp@gc - Ultimate Thread Group 2-467,text,false,,2699,0,77,440,http://localhost:8085/tasks/read,0,0,0
1603290047699,23018,Get_Tasks,Non HTTP response code: java.net.SocketException,Non HTTP response message: Socket closed,Stress - jp@gc - Ultimate Thread Group 2-451,text,false,,2699,0,76,439,http://localhost:8085/tasks/read,0,0,2996
1603289999565,71153,Get_Users,Non HTTP response code: java.net.SocketException,Non HTTP response message: Socket closed,Stress - jp@gc - Ultimate Thread Group 2-430,text,false,,2699,0,75,438,http://localhost:8085/users/read,0,0,6526
1603290039564,31154,Get_Users,Non HTTP response code: java.net.SocketException,Non HTTP response message: Socket closed,Stress - jp@gc - Ultimate Thread Group 2-390,text,false,,2699,0,74,437,http://localhost:8085/users/read,0,0,7291
1603290030563,40156,Get_Users,Non HTTP response code: java.net.SocketException,Non HTTP response message: Socket closed,Stress - jp@gc - Ultimate Thread Group 2-399,text,false,,2699,0,73,436,http://localhost:8085/users/read,0,0,12365
1603290037634,33085,Get_Tasks,Non HTTP response code: java.net.SocketException,Non HTTP response message: Socket closed,Stress - jp@gc - Ultimate Thread Group 2-455,text,false,,2699,0,72,435,http://localhost:8085/tasks/read,0,0,8811
1603289991605,79115,Get_Users,Non HTTP response code: java.net.SocketException,Non HTTP response message: Socket closed,Stress - jp@gc - Ultimate Thread Group 2-438,text,false,,2699,0,71,434,http://localhost:8085/users/read,0,0,14470
1603290037826,32894,Post_Users,Non HTTP response code: java.net.SocketException,Non HTTP response message: Socket closed,Stress - jp@gc - Ultimate Thread Group 2-481,text,false,,2699,0,70,433,http://localhost:8085/users/create,0,0,8709
1603290025376,45345,Get_Tasks,Non HTTP response code: java.net.SocketException,Non HTTP response message: Socket closed,Stress - jp@gc - Ultimate Thread Group 2-460,text,false,,2699,0,69,432,http://localhost:8085/tasks/read,0,0,0
1603290001564,69157,Get_Users,Non HTTP response code: java.net.SocketException,Non HTTP response message: Socket closed,Stress - jp@gc - Ultimate Thread Group 2-428,text,false,,2699,0,68,431,http://localhost:8085/users/read,0,0,4535
1603290034564,36158,Get_Users,Non HTTP response code: java.net.SocketException,Non HTTP response message: Socket closed,Stress - jp@gc - Ultimate Thread Group 2-395,text,false,,2699,0,67,430,http://localhost:8085/users/read,0,0,8914
1603290015462,55260,Get_Tasks,Non HTTP response code: java.net.SocketException,Non HTTP response message: Socket closed,Stress - jp@gc - Ultimate Thread Group 2-464,text,false,,2699,0,66,429,http://localhost:8085/tasks/read,0,0,0
1603290003003,67719,Get_Tasks,Non HTTP response code: java.net.SocketException,Non HTTP response message: Socket closed,Stress - jp@gc - Ultimate Thread Group 2-468,text,false,,2699,0,65,428,http://localhost:8085/tasks/read,0,0,0
1603290043564,27159,Get_Users,Non HTTP response code: java.net.SocketException,Non HTTP response message: Socket closed,Stress - jp@gc - Ultimate Thread Group 2-386,text,false,,2699,0,64,427,http://localhost:8085/users/read,0,0,4712
1603290010562,60160,Get_Users,Non HTTP response code: java.net.SocketException,Non HTTP response message: Socket closed,Stress - jp@gc - Ultimate Thread Group 2-419,text,false,,2699,0,63,426,http://localhost:8085/users/read,0,0,2531
1603289990563,80161,Get_Users,Non HTTP response code: java.net.SocketException,Non HTTP response message: Socket closed,Stress - jp@gc - Ultimate Thread Group 2-439,text,false,,2699,0,62,425,http://localhost:8085/users/read,0,0,15511
1603289987797,82926,Delete_Users,Non HTTP response code: java.net.SocketException,Non HTTP response message: Socket closed,Stress - jp@gc - Ultimate Thread Group 2-500,text,false,,2699,0,61,424,http://localhost:8085/users/delete/221,0,0,0
1603290044565,26160,Get_Users,Non HTTP response code: java.net.SocketException,Non HTTP response message: Socket closed,Stress - jp@gc - Ultimate Thread Group 2-385,text,false,,2699,0,60,423,http://localhost:8085/users/read,0,0,3718
1603290025406,45320,Post_Users,Non HTTP response code: java.net.SocketException,Non HTTP response message: Socket closed,Stress - jp@gc - Ultimate Thread Group 2-482,text,false,,2699,0,59,422,http://localhost:8085/users/create,0,0,15765
1603290052564,18162,Get_Users,Non HTTP response code: java.net.SocketException,Non HTTP response message: Socket closed,Stress - jp@gc - Ultimate Thread Group 2-377,text,false,,2699,0,58,421,http://localhost:8085/users/read,0,0,1170
1603290036563,34164,Get_Users,Non HTTP response code: java.net.SocketException,Non HTTP response message: Socket closed,Stress - jp@gc - Ultimate Thread Group 2-393,text,false,,2699,0,57,420,http://localhost:8085/users/read,0,0,8607
1603289950159,120568,Post_Users,Non HTTP response code: java.net.SocketException,Non HTTP response message: Socket closed,Stress - jp@gc - Ultimate Thread Group 2-489,text,false,,2699,0,56,419,http://localhost:8085/users/create,0,0,0
1603289989672,81055,Post_Tasks,Non HTTP response code: java.net.SocketException,Non HTTP response message: Socket closed,Stress - jp@gc - Ultimate Thread Group 2-491,text,false,,2699,0,56,419,http://localhost:8085/tasks/create,0,0,0
1603290011562,59165,Get_Users,Non HTTP response code: java.net.SocketException,Non HTTP response message: Socket closed,Stress - jp@gc - Ultimate Thread Group 2-418,text,false,,2699,0,54,417,http://localhost:8085/users/read,0,0,3162
1603290025565,45164,Get_Users,Non HTTP response code: java.net.SocketException,Non HTTP response message: Socket closed,Stress - jp@gc - Ultimate Thread Group 2-404,text,false,,2699,0,53,416,http://localhost:8085/users/read,0,0,15605
1603290037564,33165,Get_Users,Non HTTP response code: java.net.SocketException,Non HTTP response message: Socket closed,Stress - jp@gc - Ultimate Thread Group 2-392,text,false,,2699,0,52,415,http://localhost:8085/users/read,0,0,8879
1603290017068,53662,Post_Users,Non HTTP response code: java.net.SocketException,Non HTTP response message: Socket closed,Stress - jp@gc - Ultimate Thread Group 2-479,text,false,,2699,0,51,414,http://localhost:8085/users/create,0,0,1327
1603290046527,24204,Delete_Users,Non HTTP response code: java.net.SocketException,Non HTTP response message: Socket closed,Stress - jp@gc - Ultimate Thread Group 2-486,text,false,,2699,0,50,413,http://localhost:8085/users/delete/404,0,0,2779
1603289997565,73167,Get_Users,Non HTTP response code: java.net.SocketException,Non HTTP response message: Socket closed,Stress - jp@gc - Ultimate Thread Group 2-432,text,false,,2699,0,49,412,http://localhost:8085/users/read,0,0,8522
1603290053731,17001,Get_Tasks,Non HTTP response code: java.net.SocketException,Non HTTP response message: Socket closed,Stress - jp@gc - Ultimate Thread Group 2-450,text,false,,2699,0,48,411,http://localhost:8085/tasks/read,0,0,1343
1603289997792,72941,Delete_Users,Non HTTP response code: java.net.SocketException,Non HTTP response message: Socket closed,Stress - jp@gc - Ultimate Thread Group 2-488,text,false,,2699,0,47,410,http://localhost:8085/users/delete/325,0,0,0
1603290028130,42603,Get_Tasks,Non HTTP response code: java.net.SocketException,Non HTTP response message: Socket closed,Stress - jp@gc - Ultimate Thread Group 2-459,text,false,,2699,0,46,409,http://localhost:8085/tasks/read,0,0,0
1603290000565,70169,Get_Users,Non HTTP response code: java.net.SocketException,Non HTTP response message: Socket closed,Stress - jp@gc - Ultimate Thread Group 2-429,text,false,,2699,0,45,408,http://localhost:8085/users/read,0,0,5530
1603290033563,37171,Get_Users,Non HTTP response code: java.net.SocketException,Non HTTP response message: Socket closed,Stress - jp@gc - Ultimate Thread Group 2-396,text,false,,2699,0,44,407,http://localhost:8085/users/read,0,0,9489
1603290005563,65172,Get_Users,Non HTTP response code: java.net.SocketException,Non HTTP response message: Socket closed,Stress - jp@gc - Ultimate Thread Group 2-424,text,false,,2699,0,43,406,http://localhost:8085/users/read,0,0,551
1603290027585,43150,Get_Users,Non HTTP response code: java.net.SocketException,Non HTTP response message: Socket closed,Stress - jp@gc - Ultimate Thread Group 2-402,text,false,,2699,0,42,405,http://localhost:8085/users/read,0,0,13587
1603290012563,58172,Get_Users,Non HTTP response code: java.net.SocketException,Non HTTP response message: Socket closed,Stress - jp@gc - Ultimate Thread Group 2-417,text,false,,2699,0,41,404,http://localhost:8085/users/read,0,0,2168
1603290050563,20173,Get_Users,Non HTTP response code: java.net.SocketException,Non HTTP response message: Socket closed,Stress - jp@gc - Ultimate Thread Group 2-379,text,false,,2699,0,40,403,http://localhost:8085/users/read,0,0,3170
1603290006563,64198,Get_Users,Non HTTP response code: java.net.SocketException,Non HTTP response message: Socket closed,Stress - jp@gc - Ultimate Thread Group 2-423,text,false,,2699,0,39,402,http://localhost:8085/users/read,0,0,65
1603290046563,24198,Get_Users,Non HTTP response code: java.net.SocketException,Non HTTP response message: Socket closed,Stress - jp@gc - Ultimate Thread Group 2-383,text,false,,2699,0,38,401,http://localhost:8085/users/read,0,0,2768
1603290045564,25198,Get_Users,Non HTTP response code: java.net.SocketException,Non HTTP response message: Socket closed,Stress - jp@gc - Ultimate Thread Group 2-384,text,false,,2699,0,37,400,http://localhost:8085/users/read,0,0,2724
1603290040978,29784,Get_Tasks,Non HTTP response code: java.net.SocketException,Non HTTP response message: Socket closed,Stress - jp@gc - Ultimate Thread Group 2-454,text,false,,2699,0,36,399,http://localhost:8085/tasks/read,0,0,6033
1603290042563,28200,Get_Users,Non HTTP response code: java.net.SocketException,Non HTTP response message: Socket closed,Stress - jp@gc - Ultimate Thread Group 2-387,text,false,,2699,0,35,398,http://localhost:8085/users/read,0,0,4621
1603289994243,76520,Get_Tasks,Non HTTP response code: java.net.SocketException,Non HTTP response message: Socket closed,Stress - jp@gc - Ultimate Thread Group 2-470,text,false,,2699,0,34,397,http://localhost:8085/tasks/read,0,0,0
1603290041563,29201,Get_Users,Non HTTP response code: java.net.SocketException,Non HTTP response message: Socket closed,Stress - jp@gc - Ultimate Thread Group 2-388,text,false,,2699,0,33,396,http://localhost:8085/users/read,0,0,5525
1603290016564,54201,Get_Users,Non HTTP response code: java.net.SocketException,Non HTTP response message: Socket closed,Stress - jp@gc - Ultimate Thread Group 2-413,text,false,,2699,0,32,395,http://localhost:8085/users/read,0,0,1320
1603289948845,121920,Post_Users,Non HTTP response code: java.net.SocketException,Non HTTP response message: Socket closed,Stress - jp@gc - Ultimate Thread Group 2-493,text,false,,2699,0,31,394,http://localhost:8085/users/create,0,0,0
1603290020563,50203,Get_Users,Non HTTP response code: java.net.SocketException,Non HTTP response message: Socket closed,Stress - jp@gc - Ultimate Thread Group 2-409,text,false,,2699,0,30,393,http://localhost:8085/users/read,0,0,2976
1603289948589,122177,Post_Users,Non HTTP response code: java.net.SocketException,Non HTTP response message: Socket closed,Stress - jp@gc - Ultimate Thread Group 2-494,text,false,,2699,0,29,392,http://localhost:8085/users/create,0,0,0
1603289993580,77187,Get_Users,Non HTTP response code: java.net.SocketException,Non HTTP response message: Socket closed,Stress - jp@gc - Ultimate Thread Group 2-436,text,false,,2699,0,28,391,http://localhost:8085/users/read,0,0,12502
1603290023671,47096,Post_Users,Non HTTP response code: java.net.SocketException,Non HTTP response message: Socket closed,Stress - jp@gc - Ultimate Thread Group 2-478,text,false,,2699,0,27,390,http://localhost:8085/users/create,0,0,1482
1603290029563,41205,Get_Users,Non HTTP response code: java.net.SocketException,Non HTTP response message: Socket closed,Stress - jp@gc - Ultimate Thread Group 2-400,text,false,,2699,0,26,389,http://localhost:8085/users/read,0,0,13365
1603290032575,38193,Get_Users,Non HTTP response code: java.net.SocketException,Non HTTP response message: Socket closed,Stress - jp@gc - Ultimate Thread Group 2-397,text,false,,2699,0,25,388,http://localhost:8085/users/read,0,0,10355
1603290013562,57206,Get_Users,Non HTTP response code: java.net.SocketException,Non HTTP response message: Socket closed,Stress - jp@gc - Ultimate Thread Group 2-416,text,false,,2699,0,24,387,http://localhost:8085/users/read,0,0,1196
1603290043979,26790,Get_Tasks,Non HTTP response code: java.net.SocketException,Non HTTP response message: Socket closed,Stress - jp@gc - Ultimate Thread Group 2-453,text,false,,2699,0,23,386,http://localhost:8085/tasks/read,0,0,4301
1603290038575,32195,Get_Users,Non HTTP response code: java.net.SocketException,Non HTTP response message: Socket closed,Stress - jp@gc - Ultimate Thread Group 2-391,text,false,,2699,0,22,385,http://localhost:8085/users/read,0,0,8227
1603290017563,53207,Get_Users,Non HTTP response code: java.net.SocketException,Non HTTP response message: Socket closed,Stress - jp@gc - Ultimate Thread Group 2-412,text,false,,2699,0,21,384,http://localhost:8085/users/read,0,0,913
1603290009565,61206,Get_Users,Non HTTP response code: java.net.SocketException,Non HTTP response message: Socket closed,Stress - jp@gc - Ultimate Thread Group 2-420,text,false,,2699,0,20,383,http://localhost:8085/users/read,0,0,3529
1603290032496,38275,Get_Tasks,Non HTTP response code: java.net.SocketException,Non HTTP response message: Socket closed,Stress - jp@gc - Ultimate Thread Group 2-457,text,false,,2699,0,19,382,http://localhost:8085/tasks/read,0,0,0
1603289993971,76801,Get_Tasks,Non HTTP response code: java.net.SocketException,Non HTTP response message: Socket closed,Stress - jp@gc - Ultimate Thread Group 2-471,text,false,,2699,0,18,381,http://localhost:8085/tasks/read,0,0,0
1603290051565,19207,Get_Users,Non HTTP response code: java.net.SocketException,Non HTTP response message: Socket closed,Stress - jp@gc - Ultimate Thread Group 2-378,text,false,,2699,0,17,380,http://localhost:8085/users/read,0,0,2169
1603289996564,74209,Get_Users,Non HTTP response code: java.net.SocketException,Non HTTP response message: Socket closed,Stress - jp@gc - Ultimate Thread Group 2-433,text,false,,2699,0,16,379,http://localhost:8085/users/read,0,0,9522
1603290017870,52903,Get_Tasks,Non HTTP response code: java.net.SocketException,Non HTTP response message: Socket closed,Stress - jp@gc - Ultimate Thread Group 2-463,text,false,,2699,0,16,379,http://localhost:8085/tasks/read,0,0,0
1603289977563,93211,Get_Users,Non HTTP response code: java.net.SocketException,Non HTTP response message: Socket closed,Stress - jp@gc - Ultimate Thread Group 2-452,text,false,,2699,0,14,377,http://localhost:8085/users/read,0,0,1199
1603290040565,30209,Get_Users,Non HTTP response code: java.net.SocketException,Non HTTP response message: Socket closed,Stress - jp@gc - Ultimate Thread Group 2-389,text,false,,2699,0,13,376,http://localhost:8085/users/read,0,0,6370
1603290048564,22211,Get_Users,Non HTTP response code: java.net.SocketException,Non HTTP response message: Socket closed,Stress - jp@gc - Ultimate Thread Group 2-381,text,false,,2699,0,12,375,http://localhost:8085/users/read,0,0,5168
1603290028563,42212,Get_Users,Non HTTP response code: java.net.SocketException,Non HTTP response message: Socket closed,Stress - jp@gc - Ultimate Thread Group 2-401,text,false,,2699,0,11,374,http://localhost:8085/users/read,0,0,12610
1603290020077,50699,Post_Users,Non HTTP response code: java.net.SocketException,Non HTTP response message: Socket closed,Stress - jp@gc - Ultimate Thread Group 2-462,text,false,,2699,0,10,373,http://localhost:8085/users/create,0,0,0
1603290049564,21212,Get_Users,Non HTTP response code: java.net.SocketException,Non HTTP response message: Socket closed,Stress - jp@gc - Ultimate Thread Group 2-380,text,false,,2699,0,9,372,http://localhost:8085/users/read,0,0,4169
1603290026564,44213,Get_Users,Non HTTP response code: java.net.SocketException,Non HTTP response message: Socket closed,Stress - jp@gc - Ultimate Thread Group 2-403,text,false,,2699,0,8,371,http://localhost:8085/users/read,0,0,14609
1603289989721,81055,Get_Users,Non HTTP response code: java.net.SocketException,Non HTTP response message: Socket closed,Stress - jp@gc - Ultimate Thread Group 2-440,text,false,,2699,0,7,370,http://localhost:8085/users/read,0,0,16334
1603290008991,61787,Get_Tasks,Non HTTP response code: java.net.SocketException,Non HTTP response message: Socket closed,Stress - jp@gc - Ultimate Thread Group 2-466,text,false,,2699,0,6,369,http://localhost:8085/tasks/read,0,0,0
1603290023045,47733,Get_Tasks,Non HTTP response code: java.net.SocketException,Non HTTP response message: Socket closed,Stress - jp@gc - Ultimate Thread Group 2-461,text,false,,2699,0,5,368,http://localhost:8085/tasks/read,0,0,0
1603290021563,49216,Get_Users,Non HTTP response code: java.net.SocketException,Non HTTP response message: Socket closed,Stress - jp@gc - Ultimate Thread Group 2-408,text,false,,2699,0,4,367,http://localhost:8085/users/read,0,0,1973
1603290053738,17042,Get_Users,Non HTTP response code: java.net.SocketException,Non HTTP response message: Socket closed,Stress - jp@gc - Ultimate Thread Group 2-376,text,false,,2699,0,3,366,http://localhost:8085/users/read,0,0,1812
1603289995563,75218,Get_Users,Non HTTP response code: java.net.SocketException,Non HTTP response message: Socket closed,Stress - jp@gc - Ultimate Thread Group 2-434,text,false,,2699,0,2,365,http://localhost:8085/users/read,0,0,10523
1603290034963,35819,Get_Tasks,Non HTTP response code: java.net.SocketException,Non HTTP response message: Socket closed,Stress - jp@gc - Ultimate Thread Group 2-456,text,false,,2699,0,1,364,http://localhost:8085/tasks/read,0,0,8853
